"airline-icon src","summary-marketing-airlines","itemAirport","itemAirport 2","summary-luggage-unit","summary-transit","flight-departure-time","flight-arrival-time","summary-duration","money-int","summary-seats","itemAirport 3"
"https://cdn.enuygun.com/ucak-bileti/v-86436/assets/images/airline-icon/VY.png","Vueling Airlines","LGW","ORY","El çantası","Direkt Uçuş","07:40","10:10","1sa 30dk","4.801","",""
"https://cdn.enuygun.com/ucak-bileti/v-86436/assets/images/airline-icon/VY.png","Vueling Airlines","LGW","ORY","El çantası","Direkt Uçuş","19:40","22:05","1sa 25dk","5.586","",""
"https://cdn.enuygun.com/ucak-bileti/v-86436/assets/images/airline-icon/U2.png","easyJet","LTN","CDG","El çantası","Direkt Uçuş","19:00","21:20","1sa 20dk","5.837","",""
"https://cdn.enuygun.com/ucak-bileti/v-86436/assets/images/airline-icon/U2.png","easyJet","LTN","CDG","El çantası","Direkt Uçuş","15:05","17:25","1sa 20dk","6.286","",""
"https://cdn.enuygun.com/ucak-bileti/v-86436/assets/images/airline-icon/U2.png","easyJet","LGW","CDG","El çantası","Direkt Uçuş","19:15","21:30","1sa 15dk","6.393","",""
"https://cdn.enuygun.com/ucak-bileti/v-86436/assets/images/airline-icon/U2.png","easyJet","LTN","CDG","El çantası","Direkt Uçuş","06:05","08:25","1sa 20dk","6.393","",""
"https://cdn.enuygun.com/ucak-bileti/v-86436/assets/images/airline-icon/U2.png","easyJet","LGW","CDG","El çantası","Direkt Uçuş","14:10","16:30","1sa 20dk","6.554","",""
"https://cdn.enuygun.com/ucak-bileti/v-86436/assets/images/airline-icon/U2.png","easyJet","LGW","CDG","El çantası","Direkt Uçuş","17:00","19:15","1sa 15dk","6.833","",""
"https://cdn.enuygun.com/ucak-bileti/v-86436/assets/images/airline-icon/9F.png","Eurostar","QQS","XPG","2x23 kg","Direkt Uçuş","20:01","23:23","2sa 22dk","6.948","Son 2 koltuk",""
"https://cdn.enuygun.com/ucak-bileti/v-86436/assets/images/airline-icon/BA.png","British Airways","LGW","ORY","1x23 kg","Direkt Uçuş","07:40","10:10","1sa 30dk","7.572","",""
"https://cdn.enuygun.com/ucak-bileti/v-86436/assets/images/airline-icon/U2.png","easyJet","LGW","CDG","El çantası","Direkt Uçuş","18:00","20:15","1sa 15dk","7.623","",""
"https://cdn.enuygun.com/ucak-bileti/v-86436/assets/images/airline-icon/IB.png","Iberia","LGW","ORY","1x23 kg","Direkt Uçuş","19:40","22:05","1sa 25dk","7.810","",""
"https://cdn.enuygun.com/ucak-bileti/v-86436/assets/images/airline-icon/IB.png","Iberia","LGW","ORY","1x23 kg","Direkt Uçuş","07:40","10:10","1sa 30dk","7.810","",""
"https://cdn.enuygun.com/ucak-bileti/v-86436/assets/images/airline-icon/U2.png","easyJet","LGW","CDG","El çantası","Direkt Uçuş","08:10","10:30","1sa 20dk","8.052","",""
"https://cdn.enuygun.com/ucak-bileti/v-86436/assets/images/airline-icon/U2.png","easyJet","LTN","CDG","1x23 kg","Direkt Uçuş","19:00","21:20","1sa 20dk","8.586","",""
"https://cdn.enuygun.com/ucak-bileti/v-86436/assets/images/airline-icon/U2.png","easyJet","LGW","CDG","1x23 kg","Direkt Uçuş","19:15","21:30","1sa 15dk","8.958","",""
"https://cdn.enuygun.com/ucak-bileti/v-86436/assets/images/airline-icon/BA.png","British Airways","LGW","ORY","1x23 kg","Direkt Uçuş","19:40","22:05","1sa 25dk","9.050","",""
"https://cdn.enuygun.com/ucak-bileti/v-86436/assets/images/airline-icon/U2.png","easyJet","LTN","CDG","1x23 kg","Direkt Uçuş","15:05","17:25","1sa 20dk","9.065","",""
"https://cdn.enuygun.com/ucak-bileti/v-86436/assets/images/airline-icon/U2.png","easyJet","LGW","CDG","1x23 kg","Direkt Uçuş","14:10","16:30","1sa 20dk","9.119","",""
"https://cdn.enuygun.com/ucak-bileti/v-86436/assets/images/airline-icon/U2.png","easyJet","LTN","CDG","1x23 kg","Direkt Uçuş","06:05","08:25","1sa 20dk","9.173","",""
"https://cdn.enuygun.com/ucak-bileti/v-86436/assets/images/airline-icon/U2.png","easyJet","LGW","CDG","1x23 kg","Direkt Uçuş","17:00","19:15","1sa 15dk","9.387","",""
"https://cdn.enuygun.com/ucak-bileti/v-86436/assets/images/airline-icon/VY.png","Vueling Airlines","LHR","BCN","El çantası","1 Aktarma","20:50","08:25","10sa 35dk","9.569","","ORY"
"https://cdn.enuygun.com/ucak-bileti/v-86436/assets/images/airline-icon/U2.png","easyJet","LGW","CDG","1x23 kg","Direkt Uçuş","18:00","20:15","1sa 15dk","10.137","",""
"https://cdn.enuygun.com/ucak-bileti/v-86436/assets/images/airline-icon/VY.png","Vueling Airlines","LHR","BCN","El çantası","1 Aktarma","20:50","12:00","14sa 10dk","10.288","","ORY"
"https://cdn.enuygun.com/ucak-bileti/v-86436/assets/images/airline-icon/VY.png","Vueling Airlines","LGW","ORY","1x25 kg","Direkt Uçuş","07:40","10:10","1sa 30dk","10.489","",""
"https://cdn.enuygun.com/ucak-bileti/v-86436/assets/images/airline-icon/U2.png","easyJet","LGW","CDG","1x23 kg","Direkt Uçuş","08:10","10:30","1sa 20dk","10.656","",""
"https://cdn.enuygun.com/ucak-bileti/v-86436/assets/images/airline-icon/VY.png","Vueling Airlines","LHR","ORY","El çantası","Direkt Uçuş","15:05","17:40","1sa 35dk","10.873","",""
"https://cdn.enuygun.com/ucak-bileti/v-86436/assets/images/airline-icon/VY.png","Vueling Airlines","LGW","ORY","1x25 kg","Direkt Uçuş","19:40","22:05","1sa 25dk","11.229","",""
"https://cdn.enuygun.com/ucak-bileti/v-86436/assets/images/airline-icon/KM.png","KM Malta Airlines","LGW","MLA","El çantası","1 Aktarma","11:55","09:00","20sa 5dk","11.541","Son 1 koltuk","CDG"
"https://cdn.enuygun.com/ucak-bileti/v-86436/assets/images/airline-icon/AF.png","Air France","LHR","CDG","Kabin bagajı","Direkt Uçuş","19:45","22:00","1sa 15dk","11.821","",""
"https://cdn.enuygun.com/ucak-bileti/v-86436/assets/images/airline-icon/KL.png","KLM Royal Dutch Airlines","LCY","AMS","Kabin bagajı","1 Aktarma","20:45","07:55","10sa 10dk","11.918","Son 1 koltuk","CDG"
"https://cdn.enuygun.com/ucak-bileti/v-86436/assets/images/airline-icon/VY.png","Vueling Airlines","LHR","BCN","El çantası","1 Aktarma","20:50","10:45","12sa 55dk","12.312","","ORY"
"https://cdn.enuygun.com/ucak-bileti/v-86436/assets/images/airline-icon/9F.png","Eurostar","QQS","XPG","3x30 kg","Direkt Uçuş","16:31","19:51","2sa 20dk","12.892","",""
"https://cdn.enuygun.com/ucak-bileti/v-86436/assets/images/airline-icon/9F.png","Eurostar","QQS","XPG","2x23 kg","Direkt Uçuş","16:31","19:51","2sa 20dk","12.892","",""
"https://cdn.enuygun.com/ucak-bileti/v-86436/assets/images/airline-icon/9F.png","Eurostar","QQS","XPG","3x30 kg","Direkt Uçuş","17:31","20:53","2sa 22dk","12.892","",""
"https://cdn.enuygun.com/ucak-bileti/v-86436/assets/images/airline-icon/9F.png","Eurostar","QQS","XPG","2x23 kg","Direkt Uçuş","17:31","20:53","2sa 22dk","12.892","",""
"https://cdn.enuygun.com/ucak-bileti/v-86436/assets/images/airline-icon/9F.png","Eurostar","QQS","XPG","3x30 kg","Direkt Uçuş","20:01","23:23","2sa 22dk","12.892","",""
"https://cdn.enuygun.com/ucak-bileti/v-86436/assets/images/airline-icon/9F.png","Eurostar","QQS","XPG","3x30 kg","Direkt Uçuş","20:31","23:53","2sa 22dk","12.892","",""
"https://cdn.enuygun.com/ucak-bileti/v-86436/assets/images/airline-icon/9F.png","Eurostar","QQS","XPG","2x23 kg","Direkt Uçuş","20:31","23:53","2sa 22dk","12.892","",""
"https://cdn.enuygun.com/ucak-bileti/v-86436/assets/images/airline-icon/9F.png","Eurostar","QQS","XPG","3x30 kg","Direkt Uçuş","19:01","22:24","2sa 23dk","12.892","",""
"https://cdn.enuygun.com/ucak-bileti/v-86436/assets/images/airline-icon/9F.png","Eurostar","QQS","XPG","2x23 kg","Direkt Uçuş","19:01","22:24","2sa 23dk","12.892","",""
"https://cdn.enuygun.com/ucak-bileti/v-86436/assets/images/airline-icon/9F.png","Eurostar","QQS","XPG","3x30 kg","Direkt Uçuş","18:01","21:25","2sa 24dk","12.892","",""
"https://cdn.enuygun.com/ucak-bileti/v-86436/assets/images/airline-icon/9F.png","Eurostar","QQS","XPG","2x23 kg","Direkt Uçuş","18:01","21:25","2sa 24dk","12.892","",""
"https://cdn.enuygun.com/ucak-bileti/v-86436/assets/images/airline-icon/9F.png","Eurostar","QQS","XPG","3x30 kg","Direkt Uçuş","13:31","16:56","2sa 25dk","12.892","",""
"https://cdn.enuygun.com/ucak-bileti/v-86436/assets/images/airline-icon/9F.png","Eurostar","QQS","XPG","2x23 kg","Direkt Uçuş","13:31","16:56","2sa 25dk","12.892","",""
"https://cdn.enuygun.com/ucak-bileti/v-86436/assets/images/airline-icon/9F.png","Eurostar","QQS","XPG","3x30 kg","Direkt Uçuş","14:01","17:27","2sa 26dk","12.892","",""
"https://cdn.enuygun.com/ucak-bileti/v-86436/assets/images/airline-icon/9F.png","Eurostar","QQS","XPG","2x23 kg","Direkt Uçuş","14:01","17:27","2sa 26dk","12.892","",""
"https://cdn.enuygun.com/ucak-bileti/v-86436/assets/images/airline-icon/9F.png","Eurostar","QQS","XPG","3x30 kg","Direkt Uçuş","16:01","19:27","2sa 26dk","12.892","",""
"https://cdn.enuygun.com/ucak-bileti/v-86436/assets/images/airline-icon/9F.png","Eurostar","QQS","XPG","2x23 kg","Direkt Uçuş","16:01","19:27","2sa 26dk","12.892","",""
"https://cdn.enuygun.com/ucak-bileti/v-86436/assets/images/airline-icon/9F.png","Eurostar","QQS","XPG","3x30 kg","Direkt Uçuş","14:31","17:58","2sa 27dk","12.892","",""
"https://cdn.enuygun.com/ucak-bileti/v-86436/assets/images/airline-icon/9F.png","Eurostar","QQS","XPG","2x23 kg","Direkt Uçuş","14:31","17:58","2sa 27dk","12.892","",""
"https://cdn.enuygun.com/ucak-bileti/v-86436/assets/images/airline-icon/9F.png","Eurostar","QQS","XPG","3x30 kg","Direkt Uçuş","12:31","16:02","2sa 31dk","12.892","",""
"https://cdn.enuygun.com/ucak-bileti/v-86436/assets/images/airline-icon/9F.png","Eurostar","QQS","XPG","2x23 kg","Direkt Uçuş","12:31","16:02","2sa 31dk","12.892","",""
"https://cdn.enuygun.com/ucak-bileti/v-86436/assets/images/airline-icon/9F.png","Eurostar","QQS","XPG","3x30 kg","Direkt Uçuş","15:31","19:03","2sa 32dk","12.892","",""
"https://cdn.enuygun.com/ucak-bileti/v-86436/assets/images/airline-icon/9F.png","Eurostar","QQS","XPG","2x23 kg","Direkt Uçuş","15:31","19:03","2sa 32dk","12.892","",""
"https://cdn.enuygun.com/ucak-bileti/v-86436/assets/images/airline-icon/KL.png","KLM Royal Dutch Airlines","LHR","AMS","Kabin bagajı","1 Aktarma","20:55","07:55","10sa","13.714","Son 1 koltuk","CDG"
"https://cdn.enuygun.com/ucak-bileti/v-86436/assets/images/airline-icon/LH.png","Lufthansa","LHR","FRA","1x23 kg","1 Aktarma","08:30","18:35","9sa 5dk","13.882","Son 3 koltuk","CDG"
"https://cdn.enuygun.com/ucak-bileti/v-86436/assets/images/airline-icon/LH.png","Lufthansa","LHR","FRA","1x23 kg","1 Aktarma","07:30","17:50","9sa 20dk","13.882","Son 3 koltuk","CDG"
"https://cdn.enuygun.com/ucak-bileti/v-86436/assets/images/airline-icon/LH.png","Lufthansa","LHR","FRA","1x23 kg","1 Aktarma","07:30","18:35","10sa 5dk","13.882","","CDG"
"https://cdn.enuygun.com/ucak-bileti/v-86436/assets/images/airline-icon/LH.png","Lufthansa","LHR","FRA","1x23 kg","1 Aktarma","06:30","17:50","10sa 20dk","13.882","Son 3 koltuk","CDG"
"https://cdn.enuygun.com/ucak-bileti/v-86436/assets/images/airline-icon/LH.png","Lufthansa","LHR","FRA","1x23 kg","1 Aktarma","06:30","18:35","11sa 5dk","13.882","","CDG"
"https://cdn.enuygun.com/ucak-bileti/v-86436/assets/images/airline-icon/IB.png","Iberia","LHR","BCN","1x23 kg","1 Aktarma","20:50","08:25","10sa 35dk","14.830","","ORY"
"https://cdn.enuygun.com/ucak-bileti/v-86436/assets/images/airline-icon/LH.png","Lufthansa","LHR","FRA","1x23 kg","1 Aktarma","08:30","08:55","23sa 25dk","14.910","Son 3 koltuk","CDG"
"https://cdn.enuygun.com/ucak-bileti/v-86436/assets/images/airline-icon/LH.png","Lufthansa","LHR","FRA","1x23 kg","1 Aktarma","07:30","08:55","1g 25dk","14.910","","CDG"
"https://cdn.enuygun.com/ucak-bileti/v-86436/assets/images/airline-icon/AF.png","Air France","LHR","CDG","Kabin bagajı","Direkt Uçuş","06:15","08:35","1sa 20dk","15.258","Son 1 koltuk",""
"https://cdn.enuygun.com/ucak-bileti/v-86436/assets/images/airline-icon/KL.png","KLM Royal Dutch Airlines","LHR","AMS","Kabin bagajı","1 Aktarma","06:30","15:55","8sa 25dk","15.655","","CDG"
"https://cdn.enuygun.com/ucak-bileti/v-86436/assets/images/airline-icon/KL.png","KLM Royal Dutch Airlines","LHR","AMS","Kabin bagajı","1 Aktarma","06:30","15:30","8sa","15.811","","CDG"
"https://cdn.enuygun.com/ucak-bileti/v-86436/assets/images/airline-icon/KL.png","KLM Royal Dutch Airlines","LHR","AMS","Kabin bagajı","1 Aktarma","17:10","07:55","13sa 45dk","15.811","Son 2 koltuk","CDG"
"https://cdn.enuygun.com/ucak-bileti/v-86436/assets/images/airline-icon/KL.png","KLM Royal Dutch Airlines","LCY","AMS","Kabin bagajı","1 Aktarma","19:05","07:55","11sa 50dk","16.145","Son 2 koltuk","CDG"
"https://cdn.enuygun.com/ucak-bileti/v-86436/assets/images/airline-icon/D8.png","Norwegian Air International","LGW","CPH","El çantası","1 Aktarma","13:35","21:20","6sa 45dk","16.272","","CDG"
"https://cdn.enuygun.com/ucak-bileti/v-86436/assets/images/airline-icon/LH.png","Lufthansa","LHR","FRA","1x23 kg","1 Aktarma","07:30","13:50","5sa 20dk","16.309","","CDG"
"https://cdn.enuygun.com/ucak-bileti/v-86436/assets/images/airline-icon/LH.png","Lufthansa","LHR","FRA","1x23 kg","1 Aktarma","11:30","18:35","6sa 5dk","16.309","","CDG"
"https://cdn.enuygun.com/ucak-bileti/v-86436/assets/images/airline-icon/LH.png","Lufthansa","LHR","FRA","1x23 kg","1 Aktarma","06:30","13:50","6sa 20dk","16.309","","CDG"
"https://cdn.enuygun.com/ucak-bileti/v-86436/assets/images/airline-icon/LH.png","Lufthansa","LHR","FRA","1x23 kg","1 Aktarma","10:30","18:35","7sa 5dk","16.309","","CDG"
"https://cdn.enuygun.com/ucak-bileti/v-86436/assets/images/airline-icon/LH.png","Lufthansa","LHR","FRA","1x23 kg","1 Aktarma","09:30","18:35","8sa 5dk","16.309","","CDG"
"https://cdn.enuygun.com/ucak-bileti/v-86436/assets/images/airline-icon/LH.png","Lufthansa","LHR","FRA","1x23 kg","1 Aktarma","08:30","17:50","8sa 20dk","16.309","","CDG"
"https://cdn.enuygun.com/ucak-bileti/v-86436/assets/images/airline-icon/LH.png","Lufthansa","LHR","FRA","1x23 kg","1 Aktarma","07:30","22:55","14sa 25dk","16.309","","CDG"
"https://cdn.enuygun.com/ucak-bileti/v-86436/assets/images/airline-icon/VY.png","Vueling Airlines","LHR","BCN","El çantası","1 Aktarma","09:55","22:35","11sa 40dk","16.595","","ORY"
"https://cdn.enuygun.com/ucak-bileti/v-86436/assets/images/airline-icon/SK.png","Scandinavian Airlines","LHR","OSL","1x23 kg","1 Aktarma","10:35","19:40","8sa 5dk","16.915","","CDG"
"https://cdn.enuygun.com/ucak-bileti/v-86436/assets/images/airline-icon/VY.png","Vueling Airlines","LHR","BCN","El çantası","1 Aktarma","09:55","21:00","10sa 5dk","17.179","","ORY"
"https://cdn.enuygun.com/ucak-bileti/v-86436/assets/images/airline-icon/VY.png","Vueling Airlines","LHR","ORY","1x25 kg","Direkt Uçuş","15:05","17:40","1sa 35dk","17.306","",""
"https://cdn.enuygun.com/ucak-bileti/v-86436/assets/images/airline-icon/LH.png","Lufthansa","LHR","FRA","1x23 kg","1 Aktarma","11:30","08:55","20sa 25dk","17.337","","CDG"
"https://cdn.enuygun.com/ucak-bileti/v-86436/assets/images/airline-icon/LH.png","Lufthansa","LHR","FRA","1x23 kg","1 Aktarma","10:30","08:55","21sa 25dk","17.337","","CDG"
"https://cdn.enuygun.com/ucak-bileti/v-86436/assets/images/airline-icon/LH.png","Lufthansa","LHR","FRA","1x23 kg","1 Aktarma","09:30","08:55","22sa 25dk","17.337","","CDG"
"https://cdn.enuygun.com/ucak-bileti/v-86436/assets/images/airline-icon/LH.png","Lufthansa","LHR","FRA","1x23 kg","1 Aktarma","08:30","13:50","4sa 20dk","17.504","Son 2 koltuk","CDG"
"https://cdn.enuygun.com/ucak-bileti/v-86436/assets/images/airline-icon/LH.png","Lufthansa","LHR","FRA","1x23 kg","1 Aktarma","11:30","17:50","5sa 20dk","17.504","Son 2 koltuk","CDG"
"https://cdn.enuygun.com/ucak-bileti/v-86436/assets/images/airline-icon/LH.png","Lufthansa","LHR","FRA","1x23 kg","1 Aktarma","10:30","17:50","6sa 20dk","17.504","Son 3 koltuk","CDG"
"https://cdn.enuygun.com/ucak-bileti/v-86436/assets/images/airline-icon/LH.png","Lufthansa","LHR","FRA","1x23 kg","1 Aktarma","09:30","17:50","7sa 20dk","17.504","Son 2 koltuk","CDG"
"https://cdn.enuygun.com/ucak-bileti/v-86436/assets/images/airline-icon/LH.png","Lufthansa","LHR","FRA","1x23 kg","1 Aktarma","11:30","22:55","10sa 25dk","17.504","Son 1 koltuk","CDG"
"https://cdn.enuygun.com/ucak-bileti/v-86436/assets/images/airline-icon/LH.png","Lufthansa","LHR","FRA","1x23 kg","1 Aktarma","10:30","22:55","11sa 25dk","17.504","Son 2 koltuk","CDG"
"https://cdn.enuygun.com/ucak-bileti/v-86436/assets/images/airline-icon/LH.png","Lufthansa","LHR","FRA","1x23 kg","1 Aktarma","08:30","22:55","13sa 25dk","17.504","","CDG"
"https://cdn.enuygun.com/ucak-bileti/v-86436/assets/images/airline-icon/D8.png","Norwegian Air International","LGW","CPH","El çantası","1 Aktarma","12:35","21:20","7sa 45dk","17.588","","CDG"
"https://cdn.enuygun.com/ucak-bileti/v-86436/assets/images/airline-icon/D8.png","Norwegian Air International","LGW","CPH","El çantası","1 Aktarma","10:00","21:20","10sa 20dk","17.588","","CDG"
"https://cdn.enuygun.com/ucak-bileti/v-86436/assets/images/airline-icon/VY.png","Vueling Airlines","LHR","BCN","El çantası","1 Aktarma","09:55","15:50","4sa 55dk","17.629","","ORY"
"https://cdn.enuygun.com/ucak-bileti/v-86436/assets/images/airline-icon/SN.png","Brussels Airlines","LHR","BRU","1x23 kg","1 Aktarma","11:05","09:00","20sa 55dk","17.909","","CDG"
"https://cdn.enuygun.com/ucak-bileti/v-86436/assets/images/airline-icon/AF.png","Air France","LHR","CDG","Kabin bagajı","Direkt Uçuş","14:45","17:05","1sa 20dk","18.303","",""
"https://cdn.enuygun.com/ucak-bileti/v-86436/assets/images/airline-icon/AF.png","Air France","LHR","CDG","Kabin bagajı","Direkt Uçuş","17:35","19:55","1sa 20dk","18.303","Son 3 koltuk",""
"https://cdn.enuygun.com/ucak-bileti/v-86436/assets/images/airline-icon/KL.png","KLM Royal Dutch Airlines","LHR","AMS","Kabin bagajı","1 Aktarma","20:55","09:25","11sa 30dk","18.375","Son 1 koltuk","CDG"
"https://cdn.enuygun.com/ucak-bileti/v-86436/assets/images/airline-icon/KL.png","KLM Royal Dutch Airlines","LHR","AMS","Kabin bagajı","1 Aktarma","18:35","07:55","12sa 20dk","18.375","Son 2 koltuk","CDG"
"https://cdn.enuygun.com/ucak-bileti/v-86436/assets/images/airline-icon/DY.png","Norwegian Air Shuttle","LGW","OSL","El çantası","1 Aktarma","20:50","11:05","13sa 15dk","18.660","","CDG"
"https://cdn.enuygun.com/ucak-bileti/v-86436/assets/images/airline-icon/KL.png","KLM Royal Dutch Airlines","LCY","AMS","Kabin bagajı","1 Aktarma","20:45","09:25","11sa 40dk","18.709","Son 2 koltuk","CDG"
"https://cdn.enuygun.com/ucak-bileti/v-86436/assets/images/airline-icon/VY.png","Vueling Airlines","LHR","BCN","El çantası","1 Aktarma","09:55","18:50","7sa 55dk","18.753","","ORY"
"https://cdn.enuygun.com/ucak-bileti/v-86436/assets/images/airline-icon/D8.png","Norwegian Air International","LGW","CPH","El çantası","1 Aktarma","15:35","21:20","4sa 45dk","18.904","","CDG"
"https://cdn.enuygun.com/ucak-bileti/v-86436/assets/images/airline-icon/DY.png","Norwegian Air Shuttle","LGW","BGO","El çantası","1 Aktarma","09:50","20:15","9sa 25dk","19.499","","CDG"
"https://cdn.enuygun.com/ucak-bileti/v-86436/assets/images/airline-icon/DY.png","Norwegian Air Shuttle","LGW","OSL","El çantası","1 Aktarma","09:20","20:55","10sa 35dk","19.499","","CDG"
"https://cdn.enuygun.com/ucak-bileti/v-86436/assets/images/airline-icon/SK.png","Scandinavian Airlines","LHR","CPH","1x23 kg","1 Aktarma","10:20","19:25","8sa 5dk","19.998","Son 3 koltuk","CDG"
"https://cdn.enuygun.com/ucak-bileti/v-86436/assets/images/airline-icon/UX.png","Air Europa","LGW","MAD","El çantası","1 Aktarma","10:00","18:25","7sa 25dk","20.081","","ORY"
"https://cdn.enuygun.com/ucak-bileti/v-86436/assets/images/airline-icon/LG.png","Luxair","LCY","LUX","1x23 kg","1 Aktarma","14:55","08:35","16sa 40dk","20.357","","CDG"
"https://cdn.enuygun.com/ucak-bileti/v-86436/assets/images/airline-icon/VY.png","Vueling Airlines","LGW","BCN","1x25 kg","1 Aktarma","21:45","08:25","9sa 40dk","21.398","","ORY"
"https://cdn.enuygun.com/ucak-bileti/v-86436/assets/images/airline-icon/VY.png","Vueling Airlines","LGW","BCN","1x25 kg","1 Aktarma","20:25","08:25","11sa","21.398","","ORY"
"https://cdn.enuygun.com/ucak-bileti/v-86436/assets/images/airline-icon/KL.png","KLM Royal Dutch Airlines","LHR","AMS","Kabin bagajı","1 Aktarma","08:40","15:30","5sa 50dk","21.419","Son 2 koltuk","CDG"
"https://cdn.enuygun.com/ucak-bileti/v-86436/assets/images/airline-icon/KL.png","KLM Royal Dutch Airlines","LHR","AMS","Kabin bagajı","1 Aktarma","17:10","09:25","15sa 15dk","21.658","Son 2 koltuk","CDG"
"https://cdn.enuygun.com/ucak-bileti/v-86436/assets/images/airline-icon/VY.png","Vueling Airlines","LHR","BCN","1x25 kg","1 Aktarma","20:50","08:25","10sa 35dk","21.711","","ORY"
"https://cdn.enuygun.com/ucak-bileti/v-86436/assets/images/airline-icon/AZ.png","ITA - Italia Trasporto Aereo","LCY","FCO","El çantası","1 Aktarma","16:55","23:40","5sa 45dk","21.779","","CDG"
"https://cdn.enuygun.com/ucak-bileti/v-86436/assets/images/airline-icon/IB.png","Iberia","LHR","ORY","1x23 kg","Direkt Uçuş","15:05","17:40","1sa 35dk","21.809","",""
"https://cdn.enuygun.com/ucak-bileti/v-86436/assets/images/airline-icon/EW.png","Eurowings","LHR","HAM","1x23 kg","1 Aktarma","19:25","07:30","11sa 5dk","21.975","","CDG"
"https://cdn.enuygun.com/ucak-bileti/v-86436/assets/images/airline-icon/KL.png","KLM Royal Dutch Airlines","LCY","AMS","Kabin bagajı","1 Aktarma","19:05","09:25","13sa 20dk","21.992","Son 2 koltuk","CDG"
"https://cdn.enuygun.com/ucak-bileti/v-86436/assets/images/airline-icon/BA.png","British Airways","LHR","ORY","1x23 kg","Direkt Uçuş","15:05","17:40","1sa 35dk","21.994","",""
"https://cdn.enuygun.com/ucak-bileti/v-86436/assets/images/airline-icon/AZ.png","ITA - Italia Trasporto Aereo","LCY","LIN","El çantası","1 Aktarma","16:30","21:45","4sa 15dk","22.051","","ORY"
"https://cdn.enuygun.com/ucak-bileti/v-86436/assets/images/airline-icon/AZ.png","ITA - Italia Trasporto Aereo","LCY","LIN","El çantası","1 Aktarma","14:10","21:45","6sa 35dk","22.051","","ORY"
"https://cdn.enuygun.com/ucak-bileti/v-86436/assets/images/airline-icon/SK.png","Scandinavian Airlines","LHR","ARN","1x23 kg","1 Aktarma","06:40","20:35","12sa 55dk","22.524","","CDG"
"https://cdn.enuygun.com/ucak-bileti/v-86436/assets/images/airline-icon/SN.png","Brussels Airlines","LHR","BRU","1x23 kg","1 Aktarma","17:50","07:30","12sa 40dk","23.222","Son 1 koltuk","CDG"
"https://cdn.enuygun.com/ucak-bileti/v-86436/assets/images/airline-icon/SK.png","Scandinavian Airlines","LHR","CPH","1x23 kg","1 Aktarma","19:30","08:15","11sa 45dk","23.253","","CDG"
"https://cdn.enuygun.com/ucak-bileti/v-86436/assets/images/airline-icon/SK.png","Scandinavian Airlines","LHR","OSL","1x23 kg","1 Aktarma","10:35","20:00","8sa 25dk","23.924","","CDG"
"https://cdn.enuygun.com/ucak-bileti/v-86436/assets/images/airline-icon/EI.png","Aer Lingus","LHR","DUB","1x20 kg","1 Aktarma","15:50","09:30","16sa 40dk","23.994","Son 1 koltuk","CDG"
"https://cdn.enuygun.com/ucak-bileti/v-86436/assets/images/airline-icon/AZ.png","ITA - Italia Trasporto Aereo","LGW","FCO","El çantası","1 Aktarma","12:05","23:40","10sa 35dk","24.201","","CDG"
"https://cdn.enuygun.com/ucak-bileti/v-86436/assets/images/airline-icon/AZ.png","ITA - Italia Trasporto Aereo","LCY","LIN","El çantası","1 Aktarma","14:10","20:35","5sa 25dk","24.959","","CDG"
"https://cdn.enuygun.com/ucak-bileti/v-86436/assets/images/airline-icon/OS.png","Austrian","LHR","VIE","1x23 kg","1 Aktarma","09:05","15:05","5sa","25.446","","CDG"
"https://cdn.enuygun.com/ucak-bileti/v-86436/assets/images/airline-icon/OS.png","Austrian","LHR","VIE","1x23 kg","1 Aktarma","09:05","17:00","6sa 55dk","25.446","","CDG"
"https://cdn.enuygun.com/ucak-bileti/v-86436/assets/images/airline-icon/OS.png","Austrian","LHR","VIE","1x23 kg","1 Aktarma","06:00","15:05","8sa 5dk","25.446","","CDG"
"https://cdn.enuygun.com/ucak-bileti/v-86436/assets/images/airline-icon/OS.png","Austrian","LHR","VIE","1x23 kg","1 Aktarma","09:05","19:20","9sa 15dk","25.446","","CDG"
"https://cdn.enuygun.com/ucak-bileti/v-86436/assets/images/airline-icon/OS.png","Austrian","LHR","VIE","1x23 kg","1 Aktarma","06:00","17:00","10sa","25.446","","CDG"
"https://cdn.enuygun.com/ucak-bileti/v-86436/assets/images/airline-icon/KL.png","KLM Royal Dutch Airlines","LHR","AMS","Kabin bagajı","1 Aktarma","18:35","09:25","13sa 50dk","25.795","Son 3 koltuk","CDG"
"https://cdn.enuygun.com/ucak-bileti/v-86436/assets/images/airline-icon/KL.png","KLM Royal Dutch Airlines","LHR","AMS","Kabin bagajı","1 Aktarma","14:45","20:05","4sa 20dk","25.981","","CDG"
"https://cdn.enuygun.com/ucak-bileti/v-86436/assets/images/airline-icon/KL.png","KLM Royal Dutch Airlines","LHR","AMS","Kabin bagajı","1 Aktarma","08:40","15:55","6sa 15dk","25.981","","CDG"
"https://cdn.enuygun.com/ucak-bileti/v-86436/assets/images/airline-icon/KL.png","KLM Royal Dutch Airlines","LCY","AMS","Kabin bagajı","1 Aktarma","20:45","10:50","13sa 5dk","26.129","Son 2 koltuk","CDG"
"https://cdn.enuygun.com/ucak-bileti/v-86436/assets/images/airline-icon/BA.png","British Airways","LHR","CDG","Kabin bagajı","Direkt Uçuş","20:45","23:00","1sa 15dk","26.670","",""
"https://cdn.enuygun.com/ucak-bileti/v-86436/assets/images/airline-icon/BA.png","British Airways","LHR","CDG","Kabin bagajı","Direkt Uçuş","07:20","09:40","1sa 20dk","26.670","",""
"https://cdn.enuygun.com/ucak-bileti/v-86436/assets/images/airline-icon/TP.png","TAP Portugal","LGW","OPO","1x23 kg","1 Aktarma","12:05","22:55","9sa 50dk","27.267","","ORY"
"https://cdn.enuygun.com/ucak-bileti/v-86436/assets/images/airline-icon/KL.png","KLM Royal Dutch Airlines","LHR","AMS","1x23 kg","1 Aktarma","08:40","15:55","6sa 15dk","27.909","","CDG"
"https://cdn.enuygun.com/ucak-bileti/v-86436/assets/images/airline-icon/KL.png","KLM Royal Dutch Airlines","LCY","AMS","Kabin bagajı","1 Aktarma","13:45","20:05","5sa 20dk","28.149","Son 1 koltuk","CDG"
"https://cdn.enuygun.com/ucak-bileti/v-86436/assets/images/airline-icon/KL.png","KLM Royal Dutch Airlines","LHR","AMS","Kabin bagajı","1 Aktarma","06:30","11:55","4sa 25dk","28.714","","CDG"
"https://cdn.enuygun.com/ucak-bileti/v-86436/assets/images/airline-icon/KL.png","KLM Royal Dutch Airlines","LHR","AMS","Kabin bagajı","1 Aktarma","11:45","17:10","4sa 25dk","28.714","","CDG"
"https://cdn.enuygun.com/ucak-bileti/v-86436/assets/images/airline-icon/LX.png","Swiss","LHR","ZRH","1x23 kg","1 Aktarma","17:10","23:05","4sa 55dk","29.427","","CDG"
"https://cdn.enuygun.com/ucak-bileti/v-86436/assets/images/airline-icon/BA.png","British Airways","LHR","CDG","1x23 kg","Direkt Uçuş","20:45","23:00","1sa 15dk","34.979","",""
"https://cdn.enuygun.com/ucak-bileti/v-86436/assets/images/airline-icon/BA.png","British Airways","LHR","CDG","1x23 kg","Direkt Uçuş","07:20","09:40","1sa 20dk","34.979","",""
"https://cdn.enuygun.com/ucak-bileti/v-86436/assets/images/airline-icon/BA.png","British Airways","LHR","CDG","1x23 kg","Direkt Uçuş","10:55","13:15","1sa 20dk","34.979","Son 2 koltuk",""
"https://cdn.enuygun.com/ucak-bileti/v-86436/assets/images/airline-icon/BA.png","British Airways","LHR","CDG","1x23 kg","Direkt Uçuş","16:15","18:35","1sa 20dk","34.979","Son 2 koltuk",""
"https://cdn.enuygun.com/ucak-bileti/v-86436/assets/images/airline-icon/AF.png","Air France","LHR","CDG","Kabin bagajı","Direkt Uçuş","09:00","11:20","1sa 20dk","38.086","Son 1 koltuk",""
"https://cdn.enuygun.com/ucak-bileti/v-86436/assets/images/airline-icon/AF.png","Air France","LHR","CDG","Kabin bagajı","Direkt Uçuş","11:30","13:50","1sa 20dk","38.086","",""
"https://cdn.enuygun.com/ucak-bileti/v-86436/assets/images/airline-icon/KL.png","KLM Royal Dutch Airlines","LHR","AMS","Kabin bagajı","1 Aktarma","06:30","12:55","5sa 25dk","52.059","","CDG"
"https://cdn.enuygun.com/ucak-bileti/v-86436/assets/images/airline-icon/IB.png","Iberia","LGW","BCN","1x23 kg","1 Aktarma","09:10","15:50","5sa 40dk","65.925","","ORY"
"https://cdn.enuygun.com/ucak-bileti/v-86436/assets/images/airline-icon/IB.png","Iberia","LGW","BCN","1x23 kg","1 Aktarma","13:00","21:00","7sa","65.925","","ORY"
"https://cdn.enuygun.com/ucak-bileti/v-86436/assets/images/airline-icon/IB.png","Iberia","LGW","BCN","1x23 kg","1 Aktarma","13:00","22:35","8sa 35dk","65.925","","ORY"
"https://cdn.enuygun.com/ucak-bileti/v-86436/assets/images/airline-icon/IB.png","Iberia","LGW","BCN","1x23 kg","1 Aktarma","21:45","08:25","9sa 40dk","65.925","","ORY"
"https://cdn.enuygun.com/ucak-bileti/v-86436/assets/images/airline-icon/IB.png","Iberia","LHR","BCN","1x23 kg","1 Aktarma","20:50","08:25","10sa 35dk","71.711","","ORY"